time, usr_cpu, sys_cpu, idle_cpu, used_mem, free_mem, buff_mem, idps_cpu, idps_mem
2025/01/01 11:13:13, 11.1 ,11.1 ,66.7, 4636.5 ,583.2 ,2886.2, 0.0, 26
2025/01/01 11:13:14, 0.0 ,12.5 ,75.0, 4636.5 ,586.7 ,2882.6, 0.0, 26
2025/01/01 11:13:15, 0.0 ,14.3 ,85.7, 4636.5 ,586.9 ,2882.3, 0.0, 26
2025/01/01 11:13:16, 14.3 ,14.3 ,71.4, 4636.5 ,583.3 ,2885.8, 6.2, 26
2025/01/01 11:13:17, 25.0 ,0.0 ,75.0, 4636.5 ,586.1 ,2882.9, 0.0, 26
2025/01/01 11:13:19, 0.0 ,28.6 ,71.4, 4636.5 ,587.6 ,2881.3, 0.0, 26
2025/01/01 11:13:20, 0.0 ,25.0 ,62.5, 4636.5 ,587.4 ,2881.4, 0.0, 26
2025/01/01 11:13:21, 14.3 ,14.3 ,71.4, 4636.5 ,583.2 ,2885.5, 0.0, 26
2025/01/01 11:13:22, 14.3 ,0.0 ,85.7, 4636.5 ,585.1 ,2883.6, 0.0, 26
2025/01/01 11:13:23, 22.2 ,11.1 ,55.6, 4636.5 ,584.1 ,2884.4, 0.0, 26
2025/01/01 11:13:25, 0.0 ,14.3 ,71.4, 4636.5 ,583.8 ,2884.6, 0.0, 26
2025/01/01 11:13:26, 0.0 ,14.3 ,85.7, 4636.5 ,586.6 ,2881.8, 0.0, 26
2025/01/01 11:13:27, 12.5 ,12.5 ,62.5, 4636.5 ,582.2 ,2886.1, 0.0, 26
2025/01/01 11:13:28, 12.5 ,25.0 ,62.5, 4636.5 ,583.6 ,2884.6, 0.0, 26
2025/01/01 11:13:29, 0.0 ,14.3 ,85.7, 4636.5 ,586.2 ,2881.9, 0.0, 26
2025/01/01 11:13:31, 16.7 ,0.0 ,83.3, 4636.5 ,583.8 ,2884.2, 0.0, 26
2025/01/01 11:13:32, 12.5 ,12.5 ,62.5, 4636.5 ,584.4 ,2883.6, 0.0, 26
2025/01/01 11:13:33, 14.3 ,14.3 ,71.4, 4636.5 ,583.6 ,2884.2, 0.0, 26
2025/01/01 11:13:34, 0.0 ,12.5 ,75.0, 4636.5 ,584.6 ,2883.2, 0.0, 26
2025/01/01 11:13:35, 0.0 ,22.2 ,66.7, 4636.5 ,584.4 ,2883.3, 0.0, 26
2025/01/01 11:13:37, 0.0 ,25.0 ,75.0, 4636.5 ,586.1 ,2881.5, 0.0, 26
2025/01/01 11:13:38, 0.0 ,28.6 ,71.4, 4636.5 ,584.1 ,2883.6, 0.0, 26
2025/01/01 11:13:39, 0.0 ,16.7 ,83.3, 4636.5 ,582.4 ,2885.1, 0.0, 26
2025/01/01 11:13:40, 14.3 ,0.0 ,85.7, 4636.5 ,584.4 ,2883.1, 0.0, 26
2025/01/01 11:13:41, 14.3 ,14.3 ,71.4, 4636.5 ,585.5 ,2881.8, 0.0, 26
2025/01/01 11:13:43, 12.5 ,12.5 ,62.5, 4636.5 ,585.2 ,2882.0, 0.0, 26
2025/01/01 11:13:44, 12.5 ,12.5 ,62.5, 4636.5 ,584.1 ,2883.1, 0.0, 26
2025/01/01 11:13:45, 12.5 ,25.0 ,62.5, 4636.5 ,584.9 ,2882.2, 0.0, 26
2025/01/01 11:13:46, 22.2 ,11.1 ,66.7, 4636.5 ,585.1 ,2881.9, 0.0, 26
2025/01/01 11:13:47, 0.0 ,14.3 ,85.7, 4636.5 ,583.2 ,2883.7, 0.0, 26
2025/01/01 11:13:49, 0.0 ,0.0 ,id,, 4636.5 ,583.8 ,2883.1, 0.0, 26
2025/01/01 11:13:50, 12.5 ,12.5 ,75.0, 4636.5 ,582.8 ,2883.9, 0.0, 26
2025/01/01 11:13:51, 16.7 ,0.0 ,83.3, 4636.5 ,582.4 ,2884.3, 0.0, 26
2025/01/01 11:13:52, 14.3 ,14.3 ,71.4, 4636.5 ,584.0 ,2882.6, 0.0, 26
2025/01/01 11:13:53, 0.0 ,16.7 ,83.3, 4636.5 ,584.1 ,2882.4, 0.0, 26
2025/01/01 11:13:55, 11.1 ,22.2 ,55.6, 4636.5 ,581.4 ,2885.0, 0.0, 26
2025/01/01 11:13:56, 14.3 ,14.3 ,71.4, 4636.5 ,584.9 ,2881.5, 0.0, 26
2025/01/01 11:13:57, 0.0 ,16.7 ,83.3, 4636.5 ,582.6 ,2883.8, 0.0, 26
2025/01/01 11:13:58, 0.0 ,16.7 ,83.3, 4636.5 ,582.8 ,2883.3, 0.0, 26
2025/01/01 11:13:59, 11.1 ,11.1 ,66.7, 4636.5 ,583.4 ,2882.7, 0.0, 26
2025/01/01 11:14:01, 0.0 ,16.7 ,83.3, 4636.5 ,583.8 ,2881.3, 0.0, 26
2025/01/01 11:14:02, 0.0 ,0.0 ,id,, 4636.5 ,583.1 ,2881.9, 0.0, 26
2025/01/01 11:14:03, 0.0 ,11.1 ,66.7, 4636.5 ,580.9 ,2884.1, 0.0, 26
2025/01/01 11:14:04, 14.3 ,14.3 ,71.4, 4636.5 ,581.5 ,2883.4, 0.0, 26
2025/01/01 11:14:05, 0.0 ,25.0 ,75.0, 4636.5 ,581.4 ,2883.4, 0.0, 26
2025/01/01 11:14:07, 14.3 ,14.3 ,71.4, 4636.5 ,582.2 ,2882.4, 0.0, 26
2025/01/01 11:14:08, 0.0 ,16.7 ,83.3, 4636.5 ,582.4 ,2882.2, 0.0, 26
2025/01/01 11:14:09, 0.0 ,16.7 ,83.3, 4636.5 ,580.8 ,2883.8, 0.0, 26
2025/01/01 11:14:10, 12.5 ,12.5 ,75.0, 4636.5 ,582.0 ,2882.5, 0.0, 26
2025/01/01 11:14:11, 0.0 ,16.7 ,83.3, 4636.5 ,581.1 ,2883.2, 0.0, 26
2025/01/01 11:14:13, 0.0 ,12.5 ,75.0, 4636.5 ,584.0 ,2880.3, 0.0, 26
2025/01/01 11:14:14, 16.7 ,0.0 ,83.3, 4636.5 ,583.2 ,2881.0, 0.0, 26
2025/01/01 11:14:15, 0.0 ,14.3 ,85.7, 4636.5 ,579.6 ,2884.5, 0.0, 26
2025/01/01 11:14:16, 0.0 ,25.0 ,62.5, 4636.5 ,582.4 ,2881.7, 0.0, 26
2025/01/01 11:14:17, 16.7 ,0.0 ,83.3, 4636.5 ,580.3 ,2883.6, 0.0, 26
2025/01/01 11:14:19, 0.0 ,16.7 ,83.3, 4636.5 ,579.9 ,2884.0, 0.0, 26
2025/01/01 11:14:20, 0.0 ,16.7 ,83.3, 4636.5 ,581.7 ,2882.1, 0.0, 26
2025/01/01 11:14:21, 0.0 ,28.6 ,71.4, 4636.5 ,582.3 ,2881.4, 0.0, 26
2025/01/01 11:14:22, 0.0 ,16.7 ,83.3, 4636.5 ,582.9 ,2880.8, 6.2, 26
2025/01/01 11:14:23, 0.0 ,16.7 ,83.3, 4636.5 ,499.1 ,2883.0, 0.0, 26
2025/01/01 11:14:25, 12.5 ,37.5 ,37.5, 4636.5 ,479.1 ,2887.9, 0.0, 26
2025/01/01 11:14:26, 0.0 ,14.3 ,71.4, 4636.5 ,454.3 ,2882.8, 0.0, 26
2025/01/01 11:14:27, 0.0 ,16.7 ,83.3, 4636.5 ,438.9 ,2882.6, 0.0, 26
2025/01/01 11:14:28, 14.3 ,14.3 ,57.1, 4636.5 ,421.1 ,2883.2, 0.0, 26
2025/01/01 11:14:29, 0.0 ,25.0 ,62.5, 4636.5 ,416.3 ,2884.6, 0.0, 26
2025/01/01 11:14:31, 11.1 ,22.2 ,44.4, 4636.5 ,414.9 ,2882.3, 0.0, 26
2025/01/01 11:14:32, 0.0 ,0.0 ,id,, 4636.5 ,568.9 ,2882.7, 0.0, 26
2025/01/01 11:14:33, 0.0 ,22.2 ,66.7, 4636.5 ,567.5 ,2884.0, 0.0, 26
2025/01/01 11:14:34, 0.0 ,28.6 ,71.4, 4636.5 ,567.1 ,2884.1, 0.0, 26
2025/01/01 11:14:35, 0.0 ,16.7 ,83.3, 4636.5 ,568.5 ,2882.7, 5.9, 26
2025/01/01 11:14:37, 12.5 ,25.0 ,62.5, 4636.5 ,569.3 ,2881.8, 0.0, 26
2025/01/01 11:14:38, 0.0 ,16.7 ,83.3, 4636.5 ,567.8 ,2883.3, 0.0, 26
2025/01/01 11:14:39, 0.0 ,25.0 ,75.0, 4636.5 ,566.3 ,2884.7, 0.0, 26
2025/01/01 11:14:40, 0.0 ,16.7 ,83.3, 4636.5 ,565.8 ,2885.1, 0.0, 26
2025/01/01 11:14:41, 22.2 ,11.1 ,66.7, 4636.5 ,569.9 ,2880.8, 0.0, 26
2025/01/01 11:14:43, 0.0 ,14.3 ,85.7, 4636.5 ,568.8 ,2881.9, 0.0, 26
2025/01/01 11:14:44, 0.0 ,28.6 ,71.4, 4636.5 ,568.2 ,2882.4, 0.0, 26
2025/01/01 11:14:45, 0.0 ,16.7 ,83.3, 4636.5 ,567.4 ,2883.1, 0.0, 26
2025/01/01 11:14:46, 14.3 ,14.3 ,71.4, 4636.5 ,565.6 ,2884.8, 6.2, 26
2025/01/01 11:14:47, 0.0 ,0.0 ,id,, 4636.5 ,568.2 ,2882.1, 0.0, 26
2025/01/01 11:14:49, 28.6 ,0.0 ,71.4, 4636.5 ,567.8 ,2882.4, 0.0, 26
2025/01/01 11:14:50, 14.3 ,14.3 ,71.4, 4636.5 ,568.2 ,2882.0, 0.0, 26
2025/01/01 11:14:51, 14.3 ,14.3 ,71.4, 4636.5 ,565.0 ,2885.1, 0.0, 26
2025/01/01 11:14:52, 12.5 ,25.0 ,62.5, 4636.5 ,564.6 ,2885.5, 0.0, 26
2025/01/01 11:14:53, 11.1 ,11.1 ,66.7, 4636.5 ,565.1 ,2884.9, 0.0, 26
2025/01/01 11:14:55, 22.2 ,22.2 ,55.6, 4636.5 ,563.4 ,2886.4, 0.0, 26
2025/01/01 11:14:56, 0.0 ,16.7 ,83.3, 4636.5 ,565.1 ,2884.7, 0.0, 26
2025/01/01 11:14:57, 11.1 ,11.1 ,66.7, 4636.5 ,563.9 ,2885.8, 0.0, 26
2025/01/01 11:14:58, 0.0 ,28.6 ,71.4, 4636.5 ,565.1 ,2884.6, 0.0, 26
2025/01/01 11:14:59, 0.0 ,12.5 ,50.0, 4636.5 ,568.5 ,2881.1, 0.0, 26
2025/01/01 11:15:01, 0.0 ,16.7 ,83.3, 4636.5 ,564.4 ,2885.0, 0.0, 26
2025/01/01 11:15:02, 0.0 ,16.7 ,83.3, 4636.5 ,566.8 ,2882.6, 0.0, 26
2025/01/01 11:15:03, 0.0 ,12.5 ,75.0, 4636.5 ,563.9 ,2885.4, 0.0, 26
2025/01/01 11:15:04, 0.0 ,16.7 ,83.3, 4636.5 ,565.2 ,2884.0, 0.0, 26
2025/01/01 11:15:05, 0.0 ,14.3 ,85.7, 4636.5 ,563.4 ,2885.6, 0.0, 26
2025/01/01 11:15:07, 14.3 ,14.3 ,71.4, 4636.5 ,567.2 ,2881.8, 0.0, 26
2025/01/01 11:15:08, 11.1 ,33.3 ,55.6, 4636.5 ,567.7 ,2881.2, 0.0, 26
2025/01/01 11:15:09, 0.0 ,22.2 ,66.7, 4636.5 ,564.6 ,2884.2, 0.0, 26
2025/01/01 11:15:10, 0.0 ,28.6 ,71.4, 4636.5 ,565.6 ,2883.1, 0.0, 26
2025/01/01 11:15:11, 0.0 ,16.7 ,83.3, 4636.5 ,564.8 ,2883.8, 0.0, 26
2025/01/01 11:15:13, 0.0 ,16.7 ,83.3, 4636.5 ,565.0 ,2883.6, 0.0, 26
2025/01/01 11:15:14, 0.0 ,28.6 ,71.4, 4636.5 ,565.5 ,2883.0, 0.0, 26
2025/01/01 11:15:15, 14.3 ,14.3 ,71.4, 4636.5 ,565.2 ,2883.1, 0.0, 26
2025/01/01 11:15:16, 0.0 ,25.0 ,50.0, 4636.5 ,563.1 ,2885.2, 0.0, 26
2025/01/01 11:15:17, 12.5 ,25.0 ,62.5, 4636.5 ,566.5 ,2881.6, 0.0, 26
2025/01/01 11:15:19, 14.3 ,14.3 ,71.4, 4636.5 ,566.2 ,2881.9, 0.0, 26
2025/01/01 11:15:20, 14.3 ,0.0 ,85.7, 4636.5 ,563.9 ,2884.1, 0.0, 26
2025/01/01 11:15:21, 0.0 ,28.6 ,71.4, 4636.5 ,563.6 ,2884.4, 0.0, 26
2025/01/01 11:15:22, 12.5 ,12.5 ,62.5, 4636.5 ,564.2 ,2883.6, 0.0, 26
2025/01/01 11:15:23, 14.3 ,14.3 ,71.4, 4636.5 ,483.1 ,2883.2, 0.0, 26
2025/01/01 11:15:25, 12.5 ,25.0 ,50.0, 4636.5 ,463.2 ,2888.1, 0.0, 26
2025/01/01 11:15:26, 11.1 ,22.2 ,55.6, 4636.5 ,437.9 ,2884.4, 0.0, 26
2025/01/01 11:15:27, 14.3 ,14.3 ,71.4, 4636.5 ,423.6 ,2883.6, 0.0, 26
2025/01/01 11:15:28, 0.0 ,25.0 ,50.0, 4636.5 ,407.0 ,2881.6, 0.0, 26
2025/01/01 11:15:29, 14.3 ,14.3 ,57.1, 4636.5 ,399.6 ,2886.2, 0.0, 26
2025/01/01 11:15:31, 14.3 ,14.3 ,57.1, 4636.5 ,400.3 ,2882.4, 0.0, 26
2025/01/01 11:15:32, 0.0 ,28.6 ,71.4, 4636.5 ,555.7 ,2879.9, 0.0, 26
2025/01/01 11:15:33, 14.3 ,14.3 ,71.4, 4636.5 ,550.3 ,2885.2, 6.2, 26
2025/01/01 11:15:34, 0.0 ,14.3 ,71.4, 4636.5 ,550.1 ,2885.2, 0.0, 26
2025/01/01 11:15:35, 0.0 ,16.7 ,83.3, 4636.5 ,549.0 ,2886.3, 0.0, 26
2025/01/01 11:15:37, 0.0 ,0.0 ,id,, 4636.5 ,550.6 ,2884.7, 0.0, 26
2025/01/01 11:15:38, 0.0 ,0.0 ,id,, 4636.5 ,552.8 ,2882.4, 0.0, 26
2025/01/01 11:15:39, 0.0 ,14.3 ,85.7, 4636.5 ,554.9 ,2880.2, 0.0, 26
2025/01/01 11:15:40, 0.0 ,14.3 ,85.7, 4636.5 ,551.9 ,2883.1, 0.0, 26
2025/01/01 11:15:42, 0.0 ,33.3 ,55.6, 4636.5 ,551.6 ,2883.2, 0.0, 26
2025/01/01 11:15:43, 0.0 ,20.0 ,80.0, 4636.5 ,551.4 ,2883.4, 0.0, 26
2025/01/01 11:15:44, 0.0 ,25.0 ,62.5, 4636.5 ,552.5 ,2882.2, 0.0, 26
2025/01/01 11:15:45, 12.5 ,12.5 ,75.0, 4636.5 ,552.2 ,2881.3, 0.0, 26
2025/01/01 11:15:46, 11.1 ,22.2 ,66.7, 4636.5 ,550.8 ,2882.6, 0.0, 26
2025/01/01 11:15:48, 0.0 ,28.6 ,71.4, 4636.5 ,549.6 ,2883.8, 0.0, 26
2025/01/01 11:15:49, 14.3 ,14.3 ,71.4, 4636.5 ,552.4 ,2880.9, 0.0, 26
2025/01/01 11:15:50, 0.0 ,14.3 ,71.4, 4636.5 ,550.4 ,2882.9, 0.0, 26
2025/01/01 11:15:51, 0.0 ,14.3 ,85.7, 4636.5 ,549.6 ,2883.6, 0.0, 26
2025/01/01 11:15:52, 0.0 ,22.2 ,55.6, 4636.5 ,551.7 ,2881.4, 0.0, 26
2025/01/01 11:15:54, 0.0 ,16.7 ,83.3, 4636.5 ,553.6 ,2879.4, 0.0, 26
2025/01/01 11:15:55, 14.3 ,28.6 ,57.1, 4636.5 ,546.4 ,2886.4, 0.0, 26
2025/01/01 11:15:56, 14.3 ,14.3 ,71.4, 4636.5 ,548.6 ,2884.2, 0.0, 26
2025/01/01 11:15:57, 0.0 ,16.7 ,83.3, 4636.5 ,549.8 ,2883.0, 0.0, 26
2025/01/01 11:15:58, 0.0 ,20.0 ,80.0, 4636.5 ,552.1 ,2880.6, 0.0, 26
2025/01/01 11:16:00, 0.0 ,16.7 ,83.3, 4636.5 ,548.1 ,2884.4, 0.0, 26
2025/01/01 11:16:01, 0.0 ,25.0 ,62.5, 4636.5 ,549.6 ,2882.9, 0.0, 26
2025/01/01 11:16:02, 11.1 ,22.2 ,55.6, 4636.5 ,549.4 ,2883.1, 0.0, 26
2025/01/01 11:16:03, 0.0 ,25.0 ,62.5, 4636.5 ,549.4 ,2882.9, 0.0, 26
2025/01/01 11:16:04, 11.1 ,22.2 ,55.6, 4636.5 ,552.5 ,2879.8, 0.0, 26
2025/01/01 11:16:06, 14.3 ,14.3 ,71.4, 4636.5 ,551.0 ,2881.1, 0.0, 26
2025/01/01 11:16:07, 10.0 ,20.0 ,60.0, 4636.5 ,550.2 ,2881.9, 6.2, 26
2025/01/01 11:16:08, 12.5 ,12.5 ,62.5, 4636.5 ,550.2 ,2881.7, 0.0, 26
2025/01/01 11:16:09, 9.1 ,27.3 ,45.5, 4636.5 ,549.3 ,2882.6, 0.0, 26
2025/01/01 11:16:10, 11.1 ,11.1 ,66.7, 4636.5 ,549.6 ,2882.2, 0.0, 26
2025/01/01 11:16:12, 18.2 ,9.1 ,54.5, 4636.5 ,546.9 ,2884.9, 0.0, 26
2025/01/01 11:16:13, 0.0 ,25.0 ,62.5, 4636.5 ,550.6 ,2881.1, 0.0, 26
2025/01/01 11:16:14, 0.0 ,33.3 ,55.6, 4636.5 ,547.1 ,2884.5, 0.0, 26
2025/01/01 11:16:15, 0.0 ,16.7 ,66.7, 4636.5 ,547.5 ,2884.0, 0.0, 26
2025/01/01 11:16:16, 0.0 ,12.5 ,75.0, 4636.5 ,548.9 ,2882.4, 0.0, 26
2025/01/01 11:16:18, 0.0 ,25.0 ,62.5, 4636.5 ,548.0 ,2883.2, 0.0, 26
2025/01/01 11:16:19, 0.0 ,22.2 ,66.7, 4636.5 ,547.2 ,2884.0, 0.0, 26
2025/01/01 11:16:20, 11.1 ,11.1 ,55.6, 4636.5 ,548.2 ,2882.9, 0.0, 26
2025/01/01 11:16:21, 11.1 ,0.0 ,55.6, 4636.5 ,547.0 ,2884.0, 0.0, 26
2025/01/01 11:16:22, 16.7 ,8.3 ,50.0, 4636.5 ,546.4 ,2884.4, 0.0, 26
2025/01/01 11:16:24, 9.1 ,18.2 ,54.5, 4636.5 ,547.9 ,2882.9, 0.0, 26
2025/01/01 11:16:25, 22.2 ,22.2 ,44.4, 4636.5 ,547.5 ,2883.2, 0.0, 26
2025/01/01 11:16:26, 9.1 ,18.2 ,54.5, 4636.5 ,547.8 ,2882.8, 6.2, 26
2025/01/01 11:16:27, 10.0 ,20.0 ,50.0, 4636.5 ,549.7 ,2880.8, 0.0, 26
2025/01/01 11:16:28, 12.5 ,12.5 ,50.0, 4636.5 ,547.4 ,2882.9, 0.0, 26
2025/01/01 11:16:30, 0.0 ,14.3 ,85.7, 4636.5 ,546.7 ,2883.6, 0.0, 26
2025/01/01 11:16:31, 0.0 ,14.3 ,71.4, 4636.5 ,546.8 ,2883.5, 0.0, 26
2025/01/01 11:16:32, 0.0 ,25.0 ,62.5, 4636.5 ,548.0 ,2882.2, 0.0, 26
2025/01/01 11:16:33, 12.5 ,12.5 ,62.5, 4636.5 ,549.1 ,2881.1, 5.9, 26
2025/01/01 11:16:34, 0.0 ,22.2 ,55.6, 4636.5 ,547.1 ,2882.9, 0.0, 26
2025/01/01 11:16:36, 0.0 ,14.3 ,71.4, 4636.5 ,545.6 ,2884.3, 0.0, 26
2025/01/01 11:16:37, 0.0 ,25.0 ,62.5, 4636.5 ,547.1 ,2882.8, 0.0, 26
2025/01/01 11:16:38, 0.0 ,14.3 ,71.4, 4636.5 ,549.9 ,2879.9, 0.0, 26
2025/01/01 11:16:39, 20.0 ,10.0 ,50.0, 4636.5 ,547.4 ,2882.4, 0.0, 26
2025/01/01 11:16:40, 25.0 ,12.5 ,62.5, 4636.5 ,544.9 ,2884.7, 0.0, 26
2025/01/01 11:16:42, 12.5 ,25.0 ,62.5, 4636.5 ,545.8 ,2883.7, 0.0, 26
2025/01/01 11:16:43, 14.3 ,14.3 ,71.4, 4636.5 ,545.2 ,2884.2, 0.0, 26
2025/01/01 11:16:44, 0.0 ,14.3 ,85.7, 4636.5 ,546.6 ,2882.8, 0.0, 26
2025/01/01 11:16:45, 0.0 ,14.3 ,71.4, 4636.5 ,548.3 ,2881.0, 0.0, 26
2025/01/01 11:16:46, 14.3 ,0.0 ,71.4, 4636.5 ,544.1 ,2885.1, 0.0, 26
2025/01/01 11:16:48, 0.0 ,14.3 ,71.4, 4636.5 ,549.8 ,2879.3, 0.0, 26
2025/01/01 11:16:49, 0.0 ,0.0 ,id,, 4636.5 ,544.4 ,2884.7, 0.0, 26
2025/01/01 11:16:50, 14.3 ,14.3 ,71.4, 4636.5 ,545.0 ,2884.0, 0.0, 26
2025/01/01 11:16:51, 12.5 ,12.5 ,75.0, 4636.5 ,545.4 ,2883.6, 0.0, 26
2025/01/01 11:16:52, 0.0 ,22.2 ,66.7, 4636.5 ,545.4 ,2883.4, 0.0, 26
2025/01/01 11:16:54, 0.0 ,25.0 ,75.0, 4636.5 ,546.0 ,2882.8, 0.0, 26
2025/01/01 11:16:55, 0.0 ,28.6 ,57.1, 4636.5 ,544.7 ,2883.9, 0.0, 26
2025/01/01 11:16:56, 14.3 ,14.3 ,71.4, 4636.5 ,545.6 ,2883.0, 0.0, 26
2025/01/01 11:16:57, 14.3 ,14.3 ,71.4, 4636.5 ,546.2 ,2882.2, 0.0, 26
2025/01/01 11:16:58, 14.3 ,0.0 ,85.7, 4636.5 ,543.6 ,2884.7, 0.0, 26
2025/01/01 11:17:00, 0.0 ,16.7 ,83.3, 4636.5 ,542.6 ,2885.7, 0.0, 26
2025/01/01 11:17:01, 0.0 ,28.6 ,71.4, 4636.5 ,545.2 ,2882.9, 0.0, 26
2025/01/01 11:17:02, 0.0 ,14.3 ,71.4, 4636.5 ,548.4 ,2879.6, 0.0, 26
2025/01/01 11:17:03, 16.7 ,16.7 ,66.7, 4636.5 ,544.5 ,2883.5, 100.0, 26
2025/01/01 11:17:04, 0.0 ,28.6 ,71.4, 4636.5 ,545.1 ,2882.7, 0.0, 26
2025/01/01 11:17:06, 0.0 ,16.7 ,83.3, 4636.5 ,543.4 ,2884.4, 0.0, 26
2025/01/01 11:17:07, 12.5 ,12.5 ,62.5, 4636.5 ,544.1 ,2883.6, 0.0, 26
2025/01/01 11:17:08, 0.0 ,14.3 ,71.4, 4636.5 ,544.8 ,2882.8, 6.2, 26
2025/01/01 11:17:09, 0.0 ,14.3 ,85.7, 4636.5 ,542.9 ,2884.6, 0.0, 26
2025/01/01 11:17:10, 0.0 ,16.7 ,83.3, 4636.5 ,544.9 ,2882.5, 0.0, 26
2025/01/01 11:17:12, 0.0 ,12.5 ,75.0, 4636.5 ,544.2 ,2883.2, 0.0, 26
2025/01/01 11:17:13, 0.0 ,16.7 ,83.3, 4636.5 ,543.5 ,2883.8, 0.0, 26
2025/01/01 11:17:14, 0.0 ,25.0 ,75.0, 4636.5 ,545.2 ,2882.1, 0.0, 26
2025/01/01 11:17:15, 0.0 ,16.7 ,83.3, 4636.5 ,546.8 ,2881.2, 6.2, 26
2025/01/01 11:17:16, 0.0 ,14.3 ,71.4, 4636.5 ,543.7 ,2884.2, 0.0, 26
2025/01/01 11:17:18, 0.0 ,25.0 ,62.5, 4636.5 ,545.2 ,2882.6, 0.0, 26
2025/01/01 11:17:19, 0.0 ,14.3 ,85.7, 4636.5 ,545.3 ,2882.4, 0.0, 26
2025/01/01 11:17:20, 0.0 ,16.7 ,83.3, 4636.5 ,544.6 ,2883.1, 0.0, 26
2025/01/01 11:17:21, 0.0 ,16.7 ,83.3, 4636.5 ,541.9 ,2885.8, 0.0, 26
2025/01/01 11:17:22, 12.5 ,12.5 ,75.0, 4636.5 ,545.9 ,2881.7, 0.0, 26
2025/01/01 11:17:24, 0.0 ,14.3 ,71.4, 4636.5 ,463.7 ,2882.4, 0.0, 26
2025/01/01 11:17:25, 0.0 ,16.7 ,83.3, 4636.5 ,449.4 ,2881.7, 0.0, 26
2025/01/01 11:17:26, 0.0 ,0.0 ,83.3, 4636.5 ,433.3 ,2882.7, 0.0, 26
2025/01/01 11:17:27, 12.5 ,12.5 ,75.0, 4636.5 ,418.1 ,2882.8, 6.2, 26
2025/01/01 11:17:28, 0.0 ,14.3 ,71.4, 4636.5 ,386.5 ,2882.9, 0.0, 26
2025/01/01 11:17:30, 0.0 ,28.6 ,57.1, 4636.5 ,384.0 ,2882.1, 0.0, 26
2025/01/01 11:17:31, 14.3 ,14.3 ,57.1, 4636.5 ,379.2 ,2883.1, 0.0, 26
2025/01/01 11:17:32, 0.0 ,28.6 ,57.1, 4636.5 ,379.9 ,2878.9, 5.9, 26
2025/01/01 11:17:33, 0.0 ,25.0 ,75.0, 4636.5 ,552.5 ,2885.1, 0.0, 26
2025/01/01 11:17:34, 0.0 ,16.7 ,83.3, 4636.5 ,552.6 ,2884.8, 0.0, 26
2025/01/01 11:17:36, 12.5 ,12.5 ,75.0, 4636.5 ,555.7 ,2881.6, 0.0, 26
2025/01/01 11:17:37, 0.0 ,16.7 ,83.3, 4636.5 ,555.1 ,2882.1, 6.2, 26
2025/01/01 11:17:38, 14.3 ,0.0 ,71.4, 4636.5 ,556.3 ,2880.9, 0.0, 26
2025/01/01 11:17:39, 0.0 ,12.5 ,75.0, 4636.5 ,554.2 ,2882.9, 0.0, 26
2025/01/01 11:17:40, 12.5 ,12.5 ,75.0, 4636.5 ,553.8 ,2883.1, 0.0, 26
2025/01/01 11:17:42, 16.7 ,0.0 ,83.3, 4636.5 ,554.4 ,2882.4, 0.0, 26
2025/01/01 11:17:43, 0.0 ,16.7 ,83.3, 4636.5 ,554.5 ,2882.3, 0.0, 26
2025/01/01 11:17:44, 28.6 ,0.0 ,71.4, 4636.5 ,555.0 ,2881.8, 0.0, 26
2025/01/01 11:17:45, 14.3 ,14.3 ,71.4, 4636.5 ,551.6 ,2885.1, 0.0, 26
2025/01/01 11:17:46, 0.0 ,28.6 ,57.1, 4636.5 ,552.1 ,2884.5, 0.0, 26
2025/01/01 11:17:48, 14.3 ,14.3 ,71.4, 4636.5 ,553.8 ,2882.7, 0.0, 26
2025/01/01 11:17:49, 0.0 ,16.7 ,83.3, 4636.5 ,554.1 ,2882.3, 0.0, 26
2025/01/01 11:17:50, 0.0 ,16.7 ,83.3, 4636.5 ,554.2 ,2882.1, 0.0, 26
2025/01/01 11:17:51, 0.0 ,12.5 ,75.0, 4636.5 ,551.8 ,2884.5, 0.0, 26
2025/01/01 11:17:52, 0.0 ,0.0 ,id,, 4636.5 ,551.0 ,2885.1, 0.0, 26
2025/01/01 11:17:54, 14.3 ,14.3 ,71.4, 4636.5 ,551.9 ,2884.1, 0.0, 26
2025/01/01 11:17:55, 0.0 ,14.3 ,85.7, 4636.5 ,551.3 ,2884.7, 0.0, 26
2025/01/01 11:17:56, 0.0 ,25.0 ,75.0, 4636.5 ,551.0 ,2884.9, 0.0, 26
2025/01/01 11:17:57, 0.0 ,0.0 ,id,, 4636.5 ,552.0 ,2883.9, 0.0, 26
2025/01/01 11:17:58, 14.3 ,14.3 ,71.4, 4636.5 ,555.5 ,2880.2, 0.0, 26
2025/01/01 11:18:00, 11.1 ,22.2 ,55.6, 4636.5 ,553.8 ,2881.8, 0.0, 26
2025/01/01 11:18:01, 0.0 ,16.7 ,83.3, 4636.5 ,552.4 ,2883.1, 0.0, 26
2025/01/01 11:18:02, 16.7 ,0.0 ,83.3, 4636.5 ,552.4 ,2883.0, 0.0, 26
2025/01/01 11:18:03, 14.3 ,14.3 ,71.4, 4636.5 ,548.9 ,2886.4, 0.0, 26
2025/01/01 11:18:04, 14.3 ,14.3 ,71.4, 4636.5 ,551.6 ,2883.6, 0.0, 26
2025/01/01 11:18:06, 12.5 ,25.0 ,62.5, 4636.5 ,552.4 ,2882.7, 0.0, 26
2025/01/01 11:18:07, 12.5 ,25.0 ,62.5, 4636.5 ,553.2 ,2881.9, 6.2, 26
2025/01/01 11:18:08, 0.0 ,16.7 ,83.3, 4636.5 ,549.8 ,2885.1, 0.0, 26
2025/01/01 11:18:09, 0.0 ,14.3 ,85.7, 4636.5 ,551.1 ,2883.8, 0.0, 26
2025/01/01 11:18:10, 14.3 ,14.3 ,71.4, 4636.5 ,551.2 ,2883.4, 0.0, 26
2025/01/01 11:18:12, 0.0 ,14.3 ,85.7, 4636.5 ,553.1 ,2881.6, 0.0, 26
2025/01/01 11:18:13, 11.1 ,11.1 ,55.6, 4636.5 ,553.6 ,2880.9, 0.0, 26
2025/01/01 11:18:14, 0.0 ,0.0 ,id,, 4636.5 ,554.3 ,2880.1, 0.0, 26
2025/01/01 11:18:15, 12.5 ,25.0 ,62.5, 4636.5 ,551.2 ,2883.1, 0.0, 26
2025/01/01 11:18:16, 0.0 ,16.7 ,83.3, 4636.5 ,553.7 ,2880.4, 0.0, 26
2025/01/01 11:18:18, 0.0 ,16.7 ,83.3, 4636.5 ,552.4 ,2881.7, 0.0, 26
2025/01/01 11:18:19, 0.0 ,25.0 ,75.0, 4636.5 ,550.2 ,2883.8, 0.0, 26
2025/01/01 11:18:20, 14.3 ,14.3 ,71.4, 4636.5 ,554.2 ,2879.7, 0.0, 26
2025/01/01 11:18:21, 0.0 ,16.7 ,83.3, 4636.5 ,548.8 ,2885.0, 0.0, 26
2025/01/01 11:18:22, 14.3 ,14.3 ,71.4, 4636.5 ,550.4 ,2883.4, 0.0, 26
2025/01/01 11:18:24, 0.0 ,14.3 ,71.4, 4636.5 ,457.1 ,2880.1, 0.0, 26
2025/01/01 11:18:25, 0.0 ,12.5 ,75.0, 4636.5 ,440.5 ,2881.6, 0.0, 26
2025/01/01 11:18:26, 0.0 ,28.6 ,71.4, 4636.5 ,424.1 ,2882.8, 0.0, 26
2025/01/01 11:18:27, 14.3 ,14.3 ,71.4, 4636.5 ,408.9 ,2884.1, 0.0, 26
2025/01/01 11:18:28, 0.0 ,28.6 ,57.1, 4636.5 ,388.9 ,2884.4, 0.0, 26
2025/01/01 11:18:30, 12.5 ,12.5 ,62.5, 4636.5 ,388.4 ,2881.5, 0.0, 26
2025/01/01 11:18:31, 0.0 ,16.7 ,66.7, 4636.5 ,387.1 ,2879.8, 0.0, 26
2025/01/01 11:18:32, 0.0 ,28.6 ,71.4, 4636.5 ,538.4 ,2883.1, 0.0, 26
2025/01/01 11:18:33, 0.0 ,14.3 ,85.7, 4636.5 ,537.0 ,2884.4, 0.0, 26
2025/01/01 11:18:34, 12.5 ,12.5 ,62.5, 4636.5 ,536.4 ,2884.8, 0.0, 26
2025/01/01 11:18:36, 14.3 ,14.3 ,71.4, 4636.5 ,539.7 ,2881.4, 0.0, 26
2025/01/01 11:18:37, 14.3 ,14.3 ,71.4, 4636.5 ,537.2 ,2883.9, 0.0, 26
2025/01/01 11:18:38, 0.0 ,16.7 ,83.3, 4636.5 ,539.3 ,2881.7, 0.0, 26
2025/01/01 11:18:39, 0.0 ,25.0 ,62.5, 4636.5 ,539.9 ,2881.1, 0.0, 26
2025/01/01 11:18:40, 14.3 ,14.3 ,71.4, 4636.5 ,537.6 ,2883.2, 0.0, 26
2025/01/01 11:18:42, 0.0 ,25.0 ,75.0, 4636.5 ,537.7 ,2883.1, 0.0, 26
2025/01/01 11:18:43, 0.0 ,16.7 ,83.3, 4636.5 ,536.4 ,2883.4, 0.0, 26
2025/01/01 11:18:44, 14.3 ,14.3 ,71.4, 4636.5 ,537.3 ,2882.3, 0.0, 26
2025/01/01 11:18:45, 0.0 ,12.5 ,62.5, 4636.5 ,537.1 ,2882.4, 0.0, 26
2025/01/01 11:18:46, 0.0 ,28.6 ,71.4, 4636.5 ,536.1 ,2883.4, 0.0, 26
2025/01/01 11:18:48, 16.7 ,0.0 ,83.3, 4636.5 ,540.1 ,2879.3, 0.0, 26
2025/01/01 11:18:49, 20.0 ,0.0 ,80.0, 4636.5 ,535.0 ,2884.3, 0.0, 26
2025/01/01 11:18:50, 28.6 ,0.0 ,71.4, 4636.5 ,535.6 ,2883.6, 0.0, 26
2025/01/01 11:18:51, 0.0 ,25.0 ,75.0, 4636.5 ,538.2 ,2880.9, 0.0, 26
2025/01/01 11:18:52, 16.7 ,16.7 ,66.7, 4636.5 ,535.7 ,2883.3, 0.0, 26
2025/01/01 11:18:54, 33.3 ,0.0 ,66.7, 4636.5 ,537.1 ,2881.8, 0.0, 26
2025/01/01 11:18:55, 0.0 ,14.3 ,71.4, 4636.5 ,535.9 ,2882.9, 0.0, 26
2025/01/01 11:18:56, 0.0 ,14.3 ,85.7, 4636.5 ,534.1 ,2884.8, 0.0, 26
2025/01/01 11:18:57, 0.0 ,25.0 ,62.5, 4636.5 ,535.0 ,2883.8, 0.0, 26
2025/01/01 11:18:58, 0.0 ,16.7 ,83.3, 4636.5 ,538.4 ,2880.3, 0.0, 26
2025/01/01 11:19:00, 0.0 ,14.3 ,85.7, 4636.5 ,533.8 ,2884.8, 0.0, 26
2025/01/01 11:19:01, 0.0 ,28.6 ,71.4, 4636.5 ,535.6 ,2882.9, 0.0, 26
2025/01/01 11:19:02, 12.5 ,12.5 ,75.0, 4636.5 ,536.6 ,2881.9, 0.0, 26
2025/01/01 11:19:03, 14.3 ,14.3 ,71.4, 4636.5 ,534.3 ,2884.1, 0.0, 26
2025/01/01 11:19:04, 0.0 ,14.3 ,85.7, 4636.5 ,534.1 ,2884.2, 0.0, 26
2025/01/01 11:19:06, 14.3 ,14.3 ,71.4, 4636.5 ,535.4 ,2882.8, 0.0, 26
2025/01/01 11:19:07, 0.0 ,0.0 ,83.3, 4636.5 ,534.1 ,2884.0, 0.0, 26
2025/01/01 11:19:08, 0.0 ,14.3 ,71.4, 4636.5 ,532.7 ,2885.4, 0.0, 26
2025/01/01 11:19:09, 12.5 ,12.5 ,75.0, 4636.5 ,535.4 ,2882.6, 0.0, 26
2025/01/01 11:19:10, 0.0 ,14.3 ,71.4, 4636.5 ,538.3 ,2879.6, 0.0, 26
2025/01/01 11:19:12, 12.5 ,12.5 ,75.0, 4636.5 ,533.4 ,2884.4, 0.0, 26
2025/01/01 11:19:13, 0.0 ,16.7 ,83.3, 4636.5 ,533.8 ,2884.0, 0.0, 26
2025/01/01 11:19:14, 14.3 ,0.0 ,85.7, 4636.5 ,534.1 ,2883.6, 0.0, 26
2025/01/01 11:19:15, 0.0 ,14.3 ,85.7, 4636.5 ,533.2 ,2884.4, 0.0, 26
2025/01/01 11:19:16, 12.5 ,25.0 ,62.5, 4636.5 ,534.1 ,2883.3, 0.0, 26
2025/01/01 11:19:18, 0.0 ,28.6 ,71.4, 4636.5 ,533.8 ,2883.6, 0.0, 26
2025/01/01 11:19:19, 0.0 ,16.7 ,83.3, 4636.5 ,536.2 ,2881.1, 0.0, 26
2025/01/01 11:19:20, 0.0 ,14.3 ,71.4, 4636.5 ,533.8 ,2883.5, 0.0, 26
2025/01/01 11:19:21, 25.0 ,12.5 ,62.5, 4636.5 ,535.5 ,2881.7, 0.0, 26
2025/01/01 11:19:22, 14.3 ,14.3 ,71.4, 4636.5 ,535.4 ,2881.7, 0.0, 26
2025/01/01 11:19:24, 11.1 ,11.1 ,66.7, 4636.5 ,531.2 ,2885.7, 0.0, 26
2025/01/01 11:19:25, 14.3 ,14.3 ,71.4, 4636.5 ,534.4 ,2882.5, 0.0, 26
2025/01/01 11:19:26, 0.0 ,14.3 ,71.4, 4636.5 ,532.9 ,2883.9, 0.0, 26
2025/01/01 11:19:27, 0.0 ,22.2 ,66.7, 4636.5 ,531.8 ,2884.9, 0.0, 26
2025/01/01 11:19:28, 14.3 ,14.3 ,71.4, 4636.5 ,532.2 ,2884.4, 0.0, 26
2025/01/01 11:19:30, 12.5 ,25.0 ,50.0, 4636.5 ,531.0 ,2885.5, 0.0, 26
2025/01/01 11:19:31, 20.0 ,20.0 ,50.0, 4636.5 ,531.4 ,2885.1, 0.0, 26
2025/01/01 11:19:32, 0.0 ,30.0 ,50.0, 4636.5 ,534.9 ,2881.4, 0.0, 26
2025/01/01 11:19:33, 12.5 ,0.0 ,62.5, 4636.5 ,533.2 ,2883.0, 0.0, 26
2025/01/01 11:19:34, 0.0 ,25.0 ,62.5, 4636.5 ,532.6 ,2883.6, 0.0, 26
2025/01/01 11:19:36, 25.0 ,0.0 ,62.5, 4636.5 ,531.6 ,2884.5, 0.0, 26
2025/01/01 11:19:37, 12.5 ,12.5 ,62.5, 4636.5 ,530.8 ,2885.2, 0.0, 26
2025/01/01 11:19:38, 11.1 ,22.2 ,55.6, 4636.5 ,532.7 ,2883.2, 0.0, 26
2025/01/01 11:19:39, 12.5 ,12.5 ,62.5, 4636.5 ,530.8 ,2885.2, 0.0, 26
2025/01/01 11:19:40, 0.0 ,14.3 ,71.4, 4636.5 ,534.1 ,2881.7, 0.0, 26
2025/01/01 11:19:42, 10.0 ,20.0 ,60.0, 4636.5 ,533.2 ,2882.5, 0.0, 26
2025/01/01 11:19:43, 0.0 ,12.5 ,62.5, 4636.5 ,530.2 ,2885.3, 0.0, 26
2025/01/01 11:19:44, 0.0 ,16.7 ,83.3, 4636.5 ,532.9 ,2882.6, 0.0, 26
2025/01/01 11:19:45, 14.3 ,14.3 ,71.4, 4636.5 ,531.2 ,2884.2, 0.0, 26
2025/01/01 11:19:46, 0.0 ,14.3 ,85.7, 4636.5 ,533.6 ,2881.7, 0.0, 26
2025/01/01 11:19:48, 12.5 ,12.5 ,62.5, 4636.5 ,530.6 ,2884.7, 0.0, 26
2025/01/01 11:19:49, 12.5 ,25.0 ,62.5, 4636.5 ,530.5 ,2884.7, 0.0, 26
2025/01/01 11:19:50, 12.5 ,12.5 ,62.5, 4636.5 ,532.7 ,2882.2, 6.2, 26
2025/01/01 11:19:51, 12.5 ,12.5 ,62.5, 4636.5 ,529.5 ,2885.4, 0.0, 26
2025/01/01 11:19:52, 0.0 ,16.7 ,83.3, 4636.5 ,533.2 ,2882.6, 0.0, 26
2025/01/01 11:19:54, 0.0 ,14.3 ,71.4, 4636.5 ,534.4 ,2881.3, 0.0, 26
2025/01/01 11:19:55, 28.6 ,0.0 ,71.4, 4636.5 ,534.4 ,2881.2, 0.0, 26
2025/01/01 11:19:56, 0.0 ,25.0 ,62.5, 4636.5 ,532.6 ,2883.1, 0.0, 26
2025/01/01 11:19:57, 0.0 ,16.7 ,83.3, 4636.5 ,532.4 ,2883.0, 0.0, 26
2025/01/01 11:19:58, 0.0 ,0.0 ,id,, 4636.5 ,533.2 ,2882.2, 0.0, 26
2025/01/01 11:20:00, 12.5 ,12.5 ,62.5, 4636.5 ,533.4 ,2881.9, 0.0, 26
2025/01/01 11:20:01, 16.7 ,0.0 ,83.3, 4636.5 ,531.8 ,2883.5, 0.0, 26
2025/01/01 11:20:02, 14.3 ,14.3 ,71.4, 4636.5 ,531.1 ,2884.1, 0.0, 26
2025/01/01 11:20:03, 12.5 ,12.5 ,62.5, 4636.5 ,534.6 ,2880.4, 0.0, 26
2025/01/01 11:20:04, 0.0 ,14.3 ,71.4, 4636.5 ,533.1 ,2881.9, 0.0, 26
2025/01/01 11:20:06, 0.0 ,14.3 ,85.7, 4636.5 ,530.8 ,2884.1, 0.0, 26
2025/01/01 11:20:07, 20.0 ,10.0 ,50.0, 4636.5 ,532.2 ,2882.7, 0.0, 26
2025/01/01 11:20:08, 0.0 ,14.3 ,85.7, 4636.5 ,530.8 ,2883.9, 0.0, 26
2025/01/01 11:20:09, 11.1 ,22.2 ,55.6, 4636.5 ,533.9 ,2880.8, 0.0, 26
2025/01/01 11:20:10, 12.5 ,25.0 ,62.5, 4636.5 ,529.4 ,2885.2, 0.0, 26
2025/01/01 11:20:12, 12.5 ,12.5 ,62.5, 4636.5 ,529.6 ,2885.0, 0.0, 26
2025/01/01 11:20:13, 0.0 ,25.0 ,62.5, 4636.5 ,532.1 ,2882.4, 0.0, 26
2025/01/01 11:20:14, 11.1 ,11.1 ,55.6, 4636.5 ,531.4 ,2883.0, 0.0, 26
2025/01/01 11:20:15, 11.1 ,22.2 ,66.7, 4636.5 ,528.7 ,2885.6, 0.0, 26
2025/01/01 11:20:16, 0.0 ,28.6 ,71.4, 4636.5 ,528.5 ,2885.7, 0.0, 26
2025/01/01 11:20:18, 0.0 ,14.3 ,71.4, 4636.5 ,529.8 ,2884.3, 0.0, 26
2025/01/01 11:20:19, 0.0 ,14.3 ,71.4, 4636.5 ,528.7 ,2885.4, 0.0, 26
2025/01/01 11:20:20, 14.3 ,14.3 ,71.4, 4636.5 ,531.3 ,2882.7, 0.0, 26
2025/01/01 11:20:21, 28.6 ,14.3 ,57.1, 4636.5 ,528.8 ,2885.2, 0.0, 26
2025/01/01 11:20:22, 12.5 ,12.5 ,62.5, 4636.5 ,529.2 ,2884.6, 0.0, 26
2025/01/01 11:20:24, 0.0 ,28.6 ,71.4, 4636.5 ,449.8 ,2882.6, 0.0, 26
2025/01/01 11:20:25, 0.0 ,14.3 ,71.4, 4636.5 ,419.6 ,2882.8, 0.0, 26
2025/01/01 11:20:26, 12.5 ,12.5 ,75.0, 4636.5 ,405.1 ,2882.2, 0.0, 26
2025/01/01 11:20:27, 0.0 ,16.7 ,83.3, 4636.5 ,390.1 ,2883.3, 5.9, 26
2025/01/01 11:20:28, 0.0 ,16.7 ,66.7, 4636.5 ,372.5 ,2881.4, 0.0, 26
2025/01/01 11:20:30, 14.3 ,14.3 ,57.1, 4636.5 ,366.8 ,2884.4, 0.0, 26
2025/01/01 11:20:31, 0.0 ,28.6 ,57.1, 4636.5 ,363.2 ,2884.0, 0.0, 26
2025/01/01 11:20:32, 0.0 ,16.7 ,83.3, 4636.5 ,516.9 ,2883.9, 0.0, 26
2025/01/01 11:20:33, 12.5 ,12.5 ,75.0, 4636.5 ,519.4 ,2881.3, 6.2, 26
2025/01/01 11:20:34, 0.0 ,0.0 ,83.3, 4636.5 ,515.9 ,2884.6, 0.0, 26
2025/01/01 11:20:36, 0.0 ,14.3 ,71.4, 4636.5 ,515.6 ,2884.9, 0.0, 26
2025/01/01 11:20:37, 12.5 ,25.0 ,62.5, 4636.5 ,517.2 ,2883.1, 0.0, 26
2025/01/01 11:20:38, 12.5 ,25.0 ,62.5, 4636.5 ,515.4 ,2885.0, 0.0, 26
2025/01/01 11:20:39, 11.1 ,22.2 ,55.6, 4636.5 ,516.0 ,2884.2, 0.0, 26
2025/01/01 11:20:40, 12.5 ,12.5 ,75.0, 4636.5 ,517.8 ,2882.2, 0.0, 26
2025/01/01 11:20:42, 11.1 ,11.1 ,66.7, 4636.5 ,516.0 ,2883.9, 0.0, 26
2025/01/01 11:20:43, 0.0 ,14.3 ,85.7, 4636.5 ,514.2 ,2885.6, 0.0, 26
2025/01/01 11:20:44, 25.0 ,12.5 ,62.5, 4636.5 ,516.5 ,2883.4, 0.0, 26
2025/01/01 11:20:45, 12.5 ,12.5 ,75.0, 4636.5 ,514.2 ,2885.5, 0.0, 26
2025/01/01 11:20:46, 14.3 ,14.3 ,71.4, 4636.5 ,516.0 ,2883.7, 0.0, 26
2025/01/01 11:20:48, 12.5 ,12.5 ,62.5, 4636.5 ,515.9 ,2883.7, 0.0, 26
2025/01/01 11:20:49, 10.0 ,20.0 ,60.0, 4636.5 ,515.7 ,2883.8, 0.0, 26
2025/01/01 11:20:50, 22.2 ,11.1 ,55.6, 4636.5 ,513.5 ,2885.9, 0.0, 26
2025/01/01 11:20:51, 0.0 ,25.0 ,62.5, 4636.5 ,516.2 ,2883.1, 0.0, 26
2025/01/01 11:20:52, 12.5 ,12.5 ,62.5, 4636.5 ,513.2 ,2886.1, 0.0, 26
2025/01/01 11:20:54, 12.5 ,0.0 ,75.0, 4636.5 ,513.8 ,2885.4, 0.0, 26
2025/01/01 11:20:55, 0.0 ,25.0 ,75.0, 4636.5 ,513.3 ,2885.8, 0.0, 26
2025/01/01 11:20:56, 0.0 ,16.7 ,83.3, 4636.5 ,512.1 ,2886.9, 0.0, 26
2025/01/01 11:20:57, 25.0 ,12.5 ,62.5, 4636.5 ,517.3 ,2881.7, 0.0, 26
2025/01/01 11:20:58, 14.3 ,14.3 ,71.4, 4636.5 ,515.9 ,2882.9, 0.0, 26
2025/01/01 11:21:00, 0.0 ,0.0 ,83.3, 4636.5 ,513.6 ,2885.2, 0.0, 26
2025/01/01 11:21:01, 0.0 ,16.7 ,83.3, 4636.5 ,515.6 ,2883.1, 0.0, 26
2025/01/01 11:21:02, 0.0 ,30.0 ,60.0, 4636.5 ,515.1 ,2883.6, 0.0, 26
2025/01/01 11:21:03, 0.0 ,14.3 ,85.7, 4636.5 ,515.8 ,2882.8, 6.2, 26
2025/01/01 11:21:04, 11.1 ,22.2 ,55.6, 4636.5 ,516.4 ,2882.1, 0.0, 26
2025/01/01 11:21:06, 0.0 ,14.3 ,85.7, 4636.5 ,511.9 ,2886.4, 0.0, 26
2025/01/01 11:21:07, 0.0 ,0.0 ,83.3, 4636.5 ,514.3 ,2884.0, 0.0, 26
2025/01/01 11:21:08, 12.5 ,12.5 ,75.0, 4636.5 ,515.4 ,2882.9, 0.0, 26
2025/01/01 11:21:09, 12.5 ,12.5 ,75.0, 4636.5 ,514.2 ,2883.9, 0.0, 26
2025/01/01 11:21:10, 14.3 ,14.3 ,71.4, 4636.5 ,516.4 ,2881.6, 0.0, 26
2025/01/01 11:21:12, 0.0 ,14.3 ,85.7, 4636.5 ,515.1 ,2882.8, 0.0, 26
2025/01/01 11:21:13, 0.0 ,16.7 ,83.3, 4636.5 ,516.1 ,2881.8, 0.0, 26
2025/01/01 11:21:14, 12.5 ,25.0 ,62.5, 4636.5 ,513.3 ,2884.5, 0.0, 26
2025/01/01 11:21:15, 0.0 ,16.7 ,83.3, 4636.5 ,511.3 ,2886.4, 0.0, 26
2025/01/01 11:21:16, 25.0 ,12.5 ,62.5, 4636.5 ,514.4 ,2883.2, 6.2, 26
2025/01/01 11:21:18, 14.3 ,14.3 ,71.4, 4636.5 ,513.5 ,2884.0, 0.0, 26
2025/01/01 11:21:19, 0.0 ,16.7 ,83.3, 4636.5 ,518.0 ,2879.4, 0.0, 26
2025/01/01 11:21:20, 0.0 ,14.3 ,85.7, 4636.5 ,514.2 ,2883.2, 0.0, 26
2025/01/01 11:21:21, 0.0 ,16.7 ,83.3, 4636.5 ,511.1 ,2886.2, 6.2, 26
2025/01/01 11:21:22, 0.0 ,0.0 ,id,, 4636.5 ,511.9 ,2885.3, 0.0, 26
2025/01/01 11:21:24, 10.0 ,20.0 ,60.0, 4636.5 ,428.9 ,2886.8, 0.0, 26
2025/01/01 11:21:25, 12.5 ,25.0 ,62.5, 4636.5 ,415.6 ,2884.9, 0.0, 26
2025/01/01 11:21:26, 25.0 ,12.5 ,62.5, 4636.5 ,388.8 ,2881.8, 0.0, 26
2025/01/01 11:21:27, 11.1 ,11.1 ,55.6, 4636.5 ,370.8 ,2884.1, 0.0, 26
2025/01/01 11:21:29, 0.0 ,22.2 ,55.6, 4636.5 ,353.2 ,2885.1, 0.0, 26
2025/01/01 11:21:30, 14.3 ,14.3 ,57.1, 4636.5 ,352.6 ,2882.1, 0.0, 26
2025/01/01 11:21:31, 11.1 ,22.2 ,44.4, 4636.5 ,349.0 ,2882.6, 0.0, 26
2025/01/01 11:21:32, 14.3 ,14.3 ,71.4, 4636.5 ,502.2 ,2883.0, 0.0, 26
2025/01/01 11:21:33, 22.2 ,22.2 ,55.6, 4636.5 ,500.4 ,2884.4, 0.0, 26
2025/01/01 11:21:35, 0.0 ,22.2 ,55.6, 4636.5 ,500.6 ,2884.0, 0.0, 26
2025/01/01 11:21:36, 25.0 ,12.5 ,50.0, 4636.5 ,500.6 ,2883.9, 0.0, 26
2025/01/01 11:21:37, 22.2 ,11.1 ,55.6, 4636.5 ,499.6 ,2884.8, 0.0, 26
2025/01/01 11:21:38, 12.5 ,12.5 ,62.5, 4636.5 ,502.3 ,2881.9, 0.0, 26
2025/01/01 11:21:39, 20.0 ,10.0 ,60.0, 4636.5 ,501.9 ,2882.3, 0.0, 26
2025/01/01 11:21:41, 14.3 ,14.3 ,57.1, 4636.5 ,501.6 ,2882.5, 0.0, 26
2025/01/01 11:21:42, 0.0 ,14.3 ,71.4, 4636.5 ,499.8 ,2884.2, 0.0, 26
2025/01/01 11:21:43, 11.1 ,22.2 ,55.6, 4636.5 ,500.8 ,2883.1, 0.0, 26
2025/01/01 11:21:44, 11.1 ,22.2 ,55.6, 4636.5 ,500.3 ,2883.6, 0.0, 26
2025/01/01 11:21:45, 14.3 ,14.3 ,71.4, 4636.5 ,497.5 ,2886.2, 0.0, 26
2025/01/01 11:21:47, 12.5 ,25.0 ,62.5, 4636.5 ,498.2 ,2885.5, 0.0, 26
2025/01/01 11:21:48, 20.0 ,20.0 ,50.0, 4636.5 ,502.5 ,2881.2, 0.0, 26
2025/01/01 11:21:49, 22.2 ,11.1 ,55.6, 4636.5 ,497.9 ,2885.8, 0.0, 26
2025/01/01 11:21:50, 10.0 ,10.0 ,50.0, 4636.5 ,503.9 ,2879.6, 0.0, 26
2025/01/01 11:21:51, 11.1 ,22.2 ,55.6, 4636.5 ,500.9 ,2882.4, 0.0, 26
2025/01/01 11:21:53, 0.0 ,30.0 ,60.0, 4636.5 ,499.9 ,2883.4, 0.0, 26
2025/01/01 11:21:54, 20.0 ,10.0 ,50.0, 4636.5 ,501.7 ,2881.6, 0.0, 26
2025/01/01 11:21:55, 12.5 ,12.5 ,75.0, 4636.5 ,500.0 ,2883.2, 0.0, 26
2025/01/01 11:21:56, 14.3 ,14.3 ,71.4, 4636.5 ,498.7 ,2884.4, 0.0, 26
2025/01/01 11:21:57, 0.0 ,16.7 ,83.3, 4636.5 ,497.0 ,2885.9, 0.0, 26
2025/01/01 11:21:59, 28.6 ,0.0 ,71.4, 4636.5 ,497.4 ,2885.4, 0.0, 26
2025/01/01 11:22:00, 0.0 ,16.7 ,83.3, 4636.5 ,500.5 ,2882.3, 0.0, 26
2025/01/01 11:22:01, 0.0 ,14.3 ,85.7, 4636.5 ,498.1 ,2884.6, 0.0, 26
2025/01/01 11:22:02, 0.0 ,14.3 ,85.7, 4636.5 ,496.7 ,2886.0, 0.0, 26
2025/01/01 11:22:03, 0.0 ,16.7 ,83.3, 4636.5 ,500.8 ,2881.9, 0.0, 26
2025/01/01 11:22:05, 0.0 ,16.7 ,83.3, 4636.5 ,499.9 ,2882.6, 0.0, 26
2025/01/01 11:22:06, 12.5 ,25.0 ,50.0, 4636.5 ,498.4 ,2884.0, 94.1, 26
2025/01/01 11:22:07, 12.5 ,12.5 ,75.0, 4636.5 ,497.9 ,2884.4, 6.2, 26
2025/01/01 11:22:08, 0.0 ,16.7 ,83.3, 4636.5 ,497.4 ,2884.7, 0.0, 26
2025/01/01 11:22:09, 0.0 ,25.0 ,50.0, 4636.5 ,496.2 ,2885.8, 0.0, 26
2025/01/01 11:22:11, 0.0 ,14.3 ,85.7, 4636.5 ,495.2 ,2886.8, 0.0, 26
2025/01/01 11:22:12, 12.5 ,12.5 ,62.5, 4636.5 ,495.1 ,2886.8, 0.0, 26
2025/01/01 11:22:13, 0.0 ,28.6 ,71.4, 4636.5 ,498.1 ,2883.8, 0.0, 26
2025/01/01 11:22:14, 0.0 ,12.5 ,75.0, 4636.5 ,493.9 ,2887.8, 0.0, 26
2025/01/01 11:22:15, 0.0 ,14.3 ,85.7, 4636.5 ,498.1 ,2883.6, 0.0, 26
2025/01/01 11:22:17, 0.0 ,16.7 ,83.3, 4636.5 ,498.9 ,2882.6, 0.0, 26
2025/01/01 11:22:18, 12.5 ,25.0 ,62.5, 4636.5 ,496.8 ,2884.7, 0.0, 26
2025/01/01 11:22:19, 14.3 ,14.3 ,71.4, 4636.5 ,498.6 ,2882.8, 0.0, 26
2025/01/01 11:22:20, 0.0 ,28.6 ,71.4, 4636.5 ,498.3 ,2883.0, 0.0, 26
2025/01/01 11:22:21, 12.5 ,12.5 ,75.0, 4636.5 ,498.8 ,2882.4, 6.2, 26
2025/01/01 11:22:23, 14.3 ,0.0 ,85.7, 4636.5 ,495.4 ,2885.8, 0.0, 26
2025/01/01 11:22:24, 0.0 ,25.0 ,62.5, 4636.5 ,496.9 ,2884.1, 0.0, 26
2025/01/01 11:22:25, 12.5 ,25.0 ,62.5, 4636.5 ,496.7 ,2884.3, 0.0, 26
2025/01/01 11:22:26, 0.0 ,12.5 ,75.0, 4636.5 ,498.5 ,2882.5, 0.0, 26
2025/01/01 11:22:27, 0.0 ,16.7 ,83.3, 4636.5 ,498.4 ,2882.4, 0.0, 26
2025/01/01 11:22:29, 11.1 ,22.2 ,55.6, 4636.5 ,498.4 ,2882.3, 0.0, 26
2025/01/01 11:22:30, 0.0 ,33.3 ,55.6, 4636.5 ,494.3 ,2886.4, 0.0, 26
2025/01/01 11:22:31, 10.0 ,20.0 ,50.0, 4636.5 ,495.9 ,2884.7, 0.0, 26
2025/01/01 11:22:32, 0.0 ,25.0 ,62.5, 4636.5 ,493.1 ,2887.4, 0.0, 26
2025/01/01 11:22:33, 0.0 ,11.1 ,66.7, 4636.5 ,498.0 ,2882.4, 0.0, 26
2025/01/01 11:22:35, 14.3 ,0.0 ,71.4, 4636.5 ,495.8 ,2884.6, 0.0, 26
2025/01/01 11:22:36, 20.0 ,10.0 ,50.0, 4636.5 ,496.0 ,2884.3, 0.0, 26
2025/01/01 11:22:37, 11.1 ,11.1 ,55.6, 4636.5 ,497.4 ,2882.8, 0.0, 26
2025/01/01 11:22:38, 12.5 ,12.5 ,62.5, 4636.5 ,495.7 ,2884.4, 0.0, 26
2025/01/01 11:22:39, 9.1 ,18.2 ,45.5, 4636.5 ,494.6 ,2885.4, 0.0, 26
2025/01/01 11:22:41, 22.2 ,22.2 ,55.6, 4636.5 ,494.1 ,2885.9, 0.0, 26
2025/01/01 11:22:42, 0.0 ,16.7 ,83.3, 4636.5 ,496.3 ,2883.6, 0.0, 26
2025/01/01 11:22:43, 0.0 ,14.3 ,71.4, 4636.5 ,496.6 ,2883.2, 0.0, 26
2025/01/01 11:22:44, 0.0 ,14.3 ,85.7, 4636.5 ,495.6 ,2884.1, 0.0, 26
2025/01/01 11:22:45, 0.0 ,14.3 ,85.7, 4636.5 ,495.4 ,2884.2, 0.0, 26
2025/01/01 11:22:47, 0.0 ,16.7 ,83.3, 4636.5 ,496.2 ,2883.3, 0.0, 26
2025/01/01 11:22:48, 14.3 ,14.3 ,71.4, 4636.5 ,495.9 ,2883.6, 0.0, 26
2025/01/01 11:22:49, 0.0 ,28.6 ,71.4, 4636.5 ,493.1 ,2886.2, 0.0, 26
2025/01/01 11:22:50, 0.0 ,16.7 ,83.3, 4636.5 ,495.4 ,2883.9, 0.0, 26
2025/01/01 11:22:51, 0.0 ,25.0 ,62.5, 4636.5 ,496.4 ,2882.8, 0.0, 26
2025/01/01 11:22:53, 16.7 ,0.0 ,83.3, 4636.5 ,495.6 ,2883.6, 0.0, 26
2025/01/01 11:22:54, 16.7 ,0.0 ,83.3, 4636.5 ,496.1 ,2882.9, 6.2, 26
2025/01/01 11:22:55, 0.0 ,14.3 ,85.7, 4636.5 ,493.9 ,2885.0, 0.0, 26
2025/01/01 11:22:56, 0.0 ,14.3 ,85.7, 4636.5 ,495.4 ,2883.6, 0.0, 26
2025/01/01 11:22:57, 0.0 ,0.0 ,id,, 4636.5 ,495.7 ,2883.1, 0.0, 26
2025/01/01 11:22:59, 0.0 ,16.7 ,83.3, 4636.5 ,493.1 ,2885.6, 0.0, 26
2025/01/01 11:23:00, 0.0 ,14.3 ,85.7, 4636.5 ,496.6 ,2882.1, 0.0, 26
2025/01/01 11:23:01, 0.0 ,20.0 ,80.0, 4636.5 ,492.0 ,2886.6, 0.0, 26
2025/01/01 11:23:02, 14.3 ,14.3 ,71.4, 4636.5 ,494.8 ,2883.8, 0.0, 26
2025/01/01 11:23:03, 14.3 ,14.3 ,71.4, 4636.5 ,492.1 ,2886.4, 0.0, 26
2025/01/01 11:23:05, 0.0 ,16.7 ,83.3, 4636.5 ,494.4 ,2883.9, 0.0, 26
2025/01/01 11:23:06, 14.3 ,14.3 ,71.4, 4636.5 ,493.3 ,2884.9, 0.0, 26
2025/01/01 11:23:07, 0.0 ,28.6 ,71.4, 4636.5 ,496.7 ,2881.5, 0.0, 26
2025/01/01 11:23:08, 11.1 ,11.1 ,55.6, 4636.5 ,491.9 ,2886.1, 0.0, 26
2025/01/01 11:23:09, 0.0 ,14.3 ,71.4, 4636.5 ,498.3 ,2879.6, 0.0, 26
2025/01/01 11:23:11, 0.0 ,16.7 ,83.3, 4636.5 ,494.9 ,2882.9, 0.0, 26
2025/01/01 11:23:12, 12.5 ,12.5 ,75.0, 4636.5 ,494.4 ,2883.3, 0.0, 26
2025/01/01 11:23:13, 0.0 ,14.3 ,71.4, 4636.5 ,492.1 ,2885.6, 0.0, 26
2025/01/01 11:23:14, 0.0 ,22.2 ,66.7, 4636.5 ,496.4 ,2881.2, 0.0, 26
2025/01/01 11:23:15, 14.3 ,14.3 ,71.4, 4636.5 ,491.9 ,2885.6, 0.0, 26
2025/01/01 11:23:17, 0.0 ,14.3 ,85.7, 4636.5 ,493.9 ,2883.4, 0.0, 26
2025/01/01 11:23:18, 0.0 ,16.7 ,83.3, 4636.5 ,491.6 ,2885.6, 0.0, 26
2025/01/01 11:23:19, 0.0 ,16.7 ,83.3, 4636.5 ,494.6 ,2882.5, 0.0, 26
2025/01/01 11:23:20, 0.0 ,16.7 ,83.3, 4636.5 ,493.2 ,2883.9, 0.0, 26
2025/01/01 11:23:21, 16.7 ,0.0 ,83.3, 4636.5 ,489.7 ,2887.3, 0.0, 26
2025/01/01 11:23:23, 0.0 ,16.7 ,83.3, 4636.5 ,494.5 ,2882.4, 0.0, 26
2025/01/01 11:23:24, 14.3 ,14.3 ,57.1, 4636.5 ,413.6 ,2882.0, 0.0, 26
2025/01/01 11:23:25, 0.0 ,16.7 ,83.3, 4636.5 ,397.4 ,2882.9, 0.0, 26
2025/01/01 11:23:26, 16.7 ,0.0 ,83.3, 4636.5 ,383.4 ,2880.9, 0.0, 26
2025/01/01 11:23:27, 0.0 ,0.0 ,id,, 4636.5 ,349.9 ,2884.4, 0.0, 26
2025/01/01 11:23:29, 0.0 ,25.0 ,50.0, 4636.5 ,333.6 ,2884.4, 0.0, 26
2025/01/01 11:23:30, 0.0 ,16.7 ,66.7, 4636.5 ,334.7 ,2879.3, 0.0, 26
2025/01/01 11:23:31, 12.5 ,12.5 ,50.0, 4636.5 ,327.2 ,2883.9, 0.0, 26
2025/01/01 11:23:32, 14.3 ,14.3 ,71.4, 4636.5 ,500.6 ,2882.4, 0.0, 26
2025/01/01 11:23:33, 0.0 ,16.7 ,83.3, 4636.5 ,500.4 ,2885.2, 0.0, 26
2025/01/01 11:23:35, 0.0 ,16.7 ,83.3, 4636.5 ,501.0 ,2884.4, 0.0, 26
2025/01/01 11:23:36, 0.0 ,14.3 ,85.7, 4636.5 ,502.1 ,2883.2, 0.0, 26
2025/01/01 11:23:37, 0.0 ,28.6 ,71.4, 4636.5 ,498.8 ,2886.5, 0.0, 26
2025/01/01 11:23:38, 0.0 ,16.7 ,83.3, 4636.5 ,498.6 ,2886.7, 0.0, 26
2025/01/01 11:23:39, 14.3 ,14.3 ,71.4, 4636.5 ,498.8 ,2886.4, 5.9, 26
2025/01/01 11:23:41, 14.3 ,14.3 ,71.4, 4636.5 ,499.4 ,2885.6, 0.0, 26
2025/01/01 11:23:42, 0.0 ,28.6 ,71.4, 4636.5 ,500.1 ,2884.8, 0.0, 26
2025/01/01 11:23:43, 0.0 ,16.7 ,83.3, 4636.5 ,499.9 ,2885.0, 0.0, 26
2025/01/01 11:23:44, 12.5 ,12.5 ,75.0, 4636.5 ,499.6 ,2885.2, 0.0, 26
2025/01/01 11:23:45, 0.0 ,14.3 ,71.4, 4636.5 ,501.5 ,2883.2, 0.0, 26
2025/01/01 11:23:47, 0.0 ,14.3 ,71.4, 4636.5 ,502.6 ,2882.1, 0.0, 26
2025/01/01 11:23:48, 0.0 ,16.7 ,83.3, 4636.5 ,500.4 ,2884.2, 0.0, 26
2025/01/01 11:23:49, 12.5 ,12.5 ,75.0, 4636.5 ,499.0 ,2885.6, 0.0, 26
2025/01/01 11:23:50, 0.0 ,28.6 ,71.4, 4636.5 ,500.1 ,2884.3, 0.0, 26
2025/01/01 11:23:51, 14.3 ,14.3 ,71.4, 4636.5 ,499.3 ,2885.0, 6.2, 26
2025/01/01 11:23:53, 0.0 ,22.2 ,66.7, 4636.5 ,503.2 ,2881.1, 0.0, 26
2025/01/01 11:23:54, 16.7 ,0.0 ,83.3, 4636.5 ,499.8 ,2884.4, 0.0, 26
2025/01/01 11:23:55, 0.0 ,16.7 ,83.3, 4636.5 ,497.9 ,2886.2, 0.0, 26
2025/01/01 11:23:56, 16.7 ,0.0 ,83.3, 4636.5 ,498.6 ,2885.4, 0.0, 26
2025/01/01 11:23:57, 0.0 ,16.7 ,83.3, 4636.5 ,499.2 ,2884.7, 0.0, 26
2025/01/01 11:23:59, 14.3 ,14.3 ,71.4, 4636.5 ,497.4 ,2886.4, 0.0, 26
2025/01/01 11:24:00, 0.0 ,14.3 ,71.4, 4636.5 ,498.1 ,2885.7, 0.0, 26
2025/01/01 11:24:01, 0.0 ,16.7 ,83.3, 4636.5 ,499.4 ,2884.2, 0.0, 26
2025/01/01 11:24:02, 0.0 ,28.6 ,71.4, 4636.5 ,496.9 ,2886.8, 0.0, 26
2025/01/01 11:24:03, 14.3 ,14.3 ,71.4, 4636.5 ,503.1 ,2880.4, 0.0, 26
2025/01/01 11:24:05, 0.0 ,14.3 ,85.7, 4636.5 ,501.5 ,2881.9, 0.0, 26
2025/01/01 11:24:06, 0.0 ,25.0 ,62.5, 4636.5 ,498.4 ,2884.9, 0.0, 26
2025/01/01 11:24:07, 0.0 ,16.7 ,83.3, 4636.5 ,500.8 ,2882.6, 0.0, 26
2025/01/01 11:24:08, 0.0 ,28.6 ,71.4, 4636.5 ,498.2 ,2885.0, 0.0, 26
2025/01/01 11:24:09, 14.3 ,14.3 ,71.4, 4636.5 ,500.2 ,2882.9, 0.0, 26
2025/01/01 11:24:11, 0.0 ,28.6 ,71.4, 4636.5 ,500.3 ,2882.8, 0.0, 26
2025/01/01 11:24:12, 14.3 ,0.0 ,71.4, 4636.5 ,497.7 ,2885.3, 0.0, 26
2025/01/01 11:24:13, 0.0 ,14.3 ,85.7, 4636.5 ,495.8 ,2887.1, 0.0, 26
2025/01/01 11:24:14, 0.0 ,14.3 ,71.4, 4636.5 ,497.7 ,2885.1, 0.0, 26
2025/01/01 11:24:15, 0.0 ,28.6 ,71.4, 4636.5 ,497.9 ,2884.8, 6.2, 26
2025/01/01 11:24:17, 0.0 ,0.0 ,id,, 4636.5 ,499.2 ,2883.3, 0.0, 26
2025/01/01 11:24:18, 14.3 ,14.3 ,71.4, 4636.5 ,496.2 ,2886.2, 0.0, 26
2025/01/01 11:24:19, 12.5 ,12.5 ,75.0, 4636.5 ,496.9 ,2885.6, 0.0, 26
2025/01/01 11:24:20, 0.0 ,16.7 ,83.3, 4636.5 ,496.8 ,2885.6, 0.0, 26
2025/01/01 11:24:21, 0.0 ,14.3 ,71.4, 4636.5 ,499.8 ,2882.5, 0.0, 26
2025/01/01 11:24:23, 0.0 ,0.0 ,id,, 4636.5 ,496.6 ,2885.6, 0.0, 26
2025/01/01 11:24:24, 12.5 ,12.5 ,75.0, 4636.5 ,401.6 ,2884.9, 0.0, 26
2025/01/01 11:24:25, 0.0 ,25.0 ,62.5, 4636.5 ,387.5 ,2885.5, 0.0, 26
2025/01/01 11:24:26, 0.0 ,20.0 ,80.0, 4636.5 ,373.6 ,2881.9, 0.0, 26
2025/01/01 11:24:27, 0.0 ,16.7 ,83.3, 4636.5 ,355.2 ,2885.2, 0.0, 26
2025/01/01 11:24:29, 25.0 ,0.0 ,62.5, 4636.5 ,336.7 ,2884.8, 0.0, 26
2025/01/01 11:24:30, 0.0 ,14.3 ,57.1, 4636.5 ,335.6 ,2883.4, 0.0, 26
2025/01/01 11:24:31, 0.0 ,16.7 ,66.7, 4636.5 ,332.1 ,2882.6, 0.0, 26
2025/01/01 11:24:32, 14.3 ,14.3 ,71.4, 4636.5 ,487.4 ,2882.7, 0.0, 26
2025/01/01 11:24:33, 0.0 ,16.7 ,83.3, 4636.5 ,485.2 ,2884.8, 0.0, 26
2025/01/01 11:24:35, 0.0 ,28.6 ,71.4, 4636.5 ,484.9 ,2885.1, 0.0, 26
2025/01/01 11:24:36, 0.0 ,14.3 ,71.4, 4636.5 ,482.8 ,2887.0, 0.0, 26
2025/01/01 11:24:37, 0.0 ,16.7 ,83.3, 4636.5 ,486.5 ,2883.2, 0.0, 26
2025/01/01 11:24:38, 0.0 ,14.3 ,85.7, 4636.5 ,485.3 ,2884.4, 0.0, 26
2025/01/01 11:24:39, 0.0 ,0.0 ,id,, 4636.5 ,486.6 ,2882.9, 0.0, 26
2025/01/01 11:24:41, 0.0 ,14.3 ,71.4, 4636.5 ,483.9 ,2885.5, 0.0, 26
2025/01/01 11:24:42, 12.5 ,12.5 ,75.0, 4636.5 ,484.2 ,2885.1, 0.0, 26
2025/01/01 11:24:43, 0.0 ,33.3 ,66.7, 4636.5 ,484.7 ,2884.6, 0.0, 26
2025/01/01 11:24:44, 12.5 ,12.5 ,75.0, 4636.5 ,484.3 ,2884.8, 0.0, 26
2025/01/01 11:24:45, 0.0 ,14.3 ,85.7, 4636.5 ,483.8 ,2885.3, 0.0, 26
2025/01/01 11:24:47, 14.3 ,14.3 ,71.4, 4636.5 ,484.6 ,2884.4, 0.0, 26
2025/01/01 11:24:48, 16.7 ,0.0 ,83.3, 4636.5 ,482.9 ,2886.1, 0.0, 26
2025/01/01 11:24:49, 0.0 ,12.5 ,75.0, 4636.5 ,484.2 ,2884.7, 0.0, 26
2025/01/01 11:24:50, 0.0 ,16.7 ,83.3, 4636.5 ,485.9 ,2882.9, 0.0, 26
2025/01/01 11:24:51, 0.0 ,14.3 ,71.4, 4636.5 ,484.5 ,2884.1, 0.0, 26
2025/01/01 11:24:53, 0.0 ,14.3 ,85.7, 4636.5 ,487.0 ,2881.6, 0.0, 26
2025/01/01 11:24:54, 16.7 ,0.0 ,83.3, 4636.5 ,483.7 ,2884.8, 0.0, 26
2025/01/01 11:24:55, 0.0 ,25.0 ,75.0, 4636.5 ,483.6 ,2884.8, 0.0, 26
2025/01/01 11:24:56, 14.3 ,14.3 ,71.4, 4636.5 ,483.7 ,2884.6, 0.0, 26
2025/01/01 11:24:57, 0.0 ,0.0 ,id,, 4636.5 ,481.4 ,2886.9, 5.9, 26
2025/01/01 11:24:59, 0.0 ,14.3 ,85.7, 4636.5 ,483.6 ,2884.5, 0.0, 26
2025/01/01 11:25:00, 0.0 ,14.3 ,85.7, 4636.5 ,485.6 ,2882.4, 0.0, 26
2025/01/01 11:25:01, 0.0 ,16.7 ,83.3, 4636.5 ,482.6 ,2885.3, 6.2, 26
2025/01/01 11:25:02, 12.5 ,0.0 ,75.0, 4636.5 ,484.8 ,2883.1, 0.0, 26
2025/01/01 11:25:03, 0.0 ,14.3 ,85.7, 4636.5 ,484.4 ,2883.4, 0.0, 26
2025/01/01 11:25:05, 0.0 ,16.7 ,83.3, 4636.5 ,483.6 ,2884.1, 0.0, 26
2025/01/01 11:25:06, 0.0 ,14.3 ,85.7, 4636.5 ,483.8 ,2883.8, 0.0, 26
2025/01/01 11:25:07, 0.0 ,12.5 ,75.0, 4636.5 ,483.3 ,2884.2, 0.0, 26
2025/01/01 11:25:08, 0.0 ,14.3 ,71.4, 4636.5 ,482.2 ,2885.2, 0.0, 26
2025/01/01 11:25:09, 14.3 ,14.3 ,71.4, 4636.5 ,483.2 ,2884.2, 0.0, 26
2025/01/01 11:25:11, 14.3 ,14.3 ,71.4, 4636.5 ,483.1 ,2883.2, 0.0, 26
2025/01/01 11:25:12, 14.3 ,14.3 ,71.4, 4636.5 ,477.9 ,2888.2, 0.0, 26
2025/07/16 15:41:19, 0.0 ,1.5 ,98.5, 3868.6 ,347.7 ,1991.3, , 0
2025/07/16 15:41:20, 0.0 ,3.0 ,97.0, 3868.6 ,346.5 ,1992.2, , 0
2025/07/16 15:41:21, 1.5 ,0.0 ,98.5, 3868.6 ,345.7 ,1993.0, , 0
2025/07/16 15:41:23, 0.0 ,0.0 ,id,, 3868.6 ,345.0 ,1993.7, , 0
2025/07/16 15:41:24, 1.5 ,1.5 ,97.0, 3868.6 ,344.7 ,1994.0, , 0
2025/07/16 15:41:25, 0.0 ,0.0 ,id,, 3868.6 ,344.0 ,1994.7, , 0
2025/07/16 15:41:26, 0.0 ,0.0 ,id,, 3868.6 ,344.3 ,1994.4, , 0
2025/07/16 15:41:27, 0.0 ,0.0 ,id,, 3868.6 ,343.8 ,1994.9, , 0
2025/07/16 15:41:29, 1.5 ,0.0 ,98.5, 3868.6 ,343.5 ,1995.2, , 0
2025/07/16 15:41:30, 0.0 ,0.0 ,id,, 3868.6 ,344.5 ,1994.2, , 0
2025/07/16 15:41:31, 0.0 ,0.0 ,id,, 3868.6 ,344.4 ,1994.3, , 0
2025/07/16 15:41:32, 0.0 ,1.6 ,98.4, 3868.6 ,343.6 ,1995.1, , 0
2025/07/16 15:41:33, 0.0 ,1.6 ,98.4, 3868.6 ,344.2 ,1994.5, , 0
2025/07/16 15:41:35, 1.5 ,3.0 ,94.0, 3868.6 ,344.7 ,1994.0, , 0
2025/07/16 15:41:36, 1.5 ,1.5 ,96.9, 3868.6 ,345.0 ,1993.7, , 0
2025/07/16 15:41:37, 0.0 ,1.6 ,98.4, 3868.6 ,348.5 ,1990.2, , 0
2025/07/16 15:41:38, 0.0 ,1.6 ,98.4, 3868.6 ,346.5 ,1992.2, , 0
2025/07/16 15:41:39, 0.0 ,3.0 ,97.0, 3868.6 ,346.3 ,1992.4, , 0
2025/07/16 15:41:41, 0.0 ,1.6 ,98.4, 3868.6 ,345.6 ,1993.1, , 0
2025/07/16 15:41:43, 0.0 ,0.0 ,id,, 3868.6 ,345.6 ,1993.1, , 0
2025/07/16 15:41:44, 0.0 ,1.5 ,98.5, 3868.6 ,345.1 ,1993.6, , 0
2025/07/16 15:41:45, 0.0 ,1.6 ,98.4, 3868.6 ,345.1 ,1993.6, , 0
2025/07/16 15:41:46, 0.0 ,1.5 ,98.5, 3868.6 ,344.6 ,1994.1, , 0
2025/07/16 15:41:47, 0.0 ,0.0 ,id,, 3868.6 ,342.4 ,1996.3, , 0
2025/07/16 15:41:49, 0.0 ,1.5 ,98.5, 3868.6 ,345.8 ,1992.9, , 0
2025/07/16 15:41:50, 0.0 ,0.0 ,id,, 3868.6 ,345.0 ,1993.7, , 0
2025/07/16 15:41:51, 0.0 ,0.0 ,id,, 3868.6 ,345.5 ,1993.2, , 0
2025/07/16 15:41:52, 0.0 ,1.5 ,98.5, 3868.6 ,343.5 ,1995.2, , 0
2025/07/16 15:41:53, 0.0 ,0.0 ,id,, 3868.6 ,343.3 ,1995.4, , 0
2025/07/16 15:41:55, 0.0 ,1.5 ,98.5, 3868.6 ,343.0 ,1995.7, , 0
2025/07/16 15:41:56, 5.0 ,5.0 ,90.0, 3868.6 ,341.8 ,1996.8, , 0
2025/07/16 15:41:57, 1.5 ,3.0 ,94.0, 3868.6 ,341.3 ,1997.3, , 0
2025/07/16 15:41:57, 0.0 ,0.0 ,id,, 3868.6 ,334.8 ,2003.8, , 0
2025/07/16 15:41:58, 0.0 ,0.0 ,id,, 3868.6 ,332.6 ,2005.9, , 0
2025/07/16 15:41:59, 3.1 ,1.5 ,95.4, 3868.6 ,331.2 ,2007.4, , 0
2025/07/16 15:42:01, 3.0 ,1.5 ,95.5, 3868.6 ,330.7 ,2007.9, , 0
2025/07/16 15:42:02, 1.5 ,0.0 ,98.5, 3868.6 ,329.2 ,2009.4, , 0
2025/07/16 15:42:03, 0.0 ,1.5 ,98.5, 3868.6 ,329.2 ,2009.4, , 0
2025/07/16 15:42:04, 0.0 ,0.0 ,id,, 3868.6 ,328.0 ,2010.6, , 0
2025/07/16 15:42:05, 0.0 ,1.5 ,98.5, 3868.6 ,328.0 ,2010.6, , 0
2025/07/16 15:42:06, 0.0 ,0.0 ,id,, 3868.6 ,327.0 ,2011.6, , 0
2025/07/16 15:42:08, 6.9 ,6.9 ,84.5, 3868.6 ,326.5 ,2012.0, , 0
2025/07/16 15:42:09, 0.0 ,1.6 ,98.4, 3868.6 ,326.5 ,2012.0, , 0
2025/07/16 15:42:10, 0.0 ,0.0 ,id,, 3868.6 ,326.5 ,2012.0, , 0
2025/07/16 15:42:11, 0.0 ,3.0 ,97.0, 3868.6 ,324.5 ,2013.9, , 0
